tuning,trainable_params,total_params,epochs_trained,train_time_min,run_time_min,val_loss,val_accu,val_roc_auc,val_pr_auc,test_acc,test_loss,test_auc,test_pr_auc
last_2,14769412,89784580,9,94.27,96.20,0.77,0.71,0.91,0.80,0.70,0.84,0.89,0.77
last_2,14769412,89784580,7,71.09267683426539,72.79112763404846,0.7627421617507935,0.7074788808822632,0.9009803533554077,0.7822104692459106,0.6925076246261597,0.7961880564689636,0.8923420310020447,0.7709640264511108,
